{
  "best_distance": 3962.8243542137634,
  "total_distance": 25393.99113982741,
  "best_airtime": 0.18333333333333332,
  "selected_egg": 0,
  "selected_car": 0,
  "unlocked_eggs": [
    0,
    1,
    2,
    3,
    4
  ],
  "unlocked_cars": [
    0,
    1,
    2,
    3,
    4
  ]
}