{
  "best_distance": 2265.837152517057,
  "total_distance": 2265.837152517057,
  "selected_egg": 0,
  "selected_car": 0,
  "unlocked_eggs": [
    0,
    1,
    2,
    3
  ],
  "unlocked_cars": [
    0,
    1,
    2
  ]
}