{
  "best_distance": 4021.9819218733173,
  "total_distance": 4021.9819218733173,
  "selected_egg": 2,
  "selected_car": 1,
  "unlocked_eggs": [
    0,
    1,
    2,
    3
  ],
  "unlocked_cars": [
    0,
    1,
    2
  ]
}